identifier,file,REMOTE_NAME,title,date,mediatype,collection










































































































































































































































































































































































































































































































































































































































































































































































































































































































































































































































































































































































































































































































































































































































































































































































































































































































































































































































































































































































































































































































































































































































































































































































































































































































































































































































































































































































































































































































































































































































































































































































































































































































































































































































































































































































































































































































































































































































































































































































































































































































































































































































































































































































































































































































































































































































































































































































































































































































































































































































































































































































































































































































































































































































































































































































































































































































































































































































































































































































































































































































































































































































































































































































































































































































































































































































































































































































































































































































































































































































































































































































































































































































































































































































































































































































































































































































































































































































































































































































































































































































































































































































































































































































































































































































































































































































































































































































































































































































































































































































































































































































































































































































































































































































































































































































































































































































































































































































































































































































































































































































































































































































































































































































































































































































































































































































































































































































































































































































































































































































































































































































































































































































































































































































































































































































































































































































































































































































































































































































































































































































































































































































































































































































































































































































































































































































































































































































































































































































































































































































































































































































































































































































































































































































































































































































































































































































































































































































































































































































































































































































































































































































































































































































































































































































































































































































































































































































































































































































































































































































































































































































































































































































































































































































































































































































































































































































































































































































































































































































































































































































































































































































































































































































































































































































































































































































































































































































































































































































































































































































































































































































































































































































































































































































































































































































































































































































































































































































































































































































































































































































































































































































































































































































































































































































































































































































































































































































































































































































































































































































































































































































































































































































































































































































































































































































































































































































































































































































































































































































































































































































































































































































































































































































































































































































































































































































































































































































































































































































































































































































































































































































































































































































































































































































































































































































































































































































































































































































































































































































































































































































































































































































































































































































































































































































































































































































































































































































































































































































































































































































































































































































































































































































































































































































































































































































































































































































































































































































































































































































































































































































































































































































































































































































































































































































































































































































































































































































































































































mlj_2025_2,"6F7N-WNM3-MB3T-64WD-00000-00","MLJ 2025 2 69.pdf","Malayan Law Journal, 2025, Volume 2",[2025],texts,malayan-law-journal
,"6F7N-WT23-MB3T-64WG-00000-00","MLJ 2025 2 129.pdf"
,"6F7N-Y1J3-MB91-G09B-00000-00","MLJ 2025 2 139.pdf"
,"6F96-BSS3-MB52-R1BS-00000-00","MLJ 2025 2 147.pdf"
,"6F96-BHV3-MB52-R1B9-00000-00","MLJ 2025 2 193.pdf"
,"6FG8-CKT3-MB4T-32NV-00000-00","MLJ 2025 2 224.pdf"
,"6FG8-D083-MB4T-339X-00000-00","MLJ 2025 2 238.pdf"
,"6FG3-DSP3-MB4J-R4B6-00000-00","MLJ 2025 2 278.pdf"
,"6FG7-7KJ3-MBH3-W0BG-00000-00","MLJ 2025 2 295.pdf"
,"6FG3-DX23-MB4J-R4BD-00000-00","MLJ 2025 2 324.pdf"
,"6FG7-B133-MYW0-F01J-00000-00","MLJ 2025 2 341.pdf"
,"6FG3-F2D3-MB4J-R4BS-00000-00","MLJ 2025 2 360.pdf"
,"6FG7-B7V3-MYW0-F01P-00000-00","MLJ 2025 2 373.pdf"
,"6FG7-BJP3-MYW0-F0NT-00000-00","MLJ 2025 2 402.pdf"
,"6FG7-CP63-MYW0-F1B6-00000-00","MLJ 2025 2 414.pdf"
,"6FG3-FBW3-MB4J-R4C1-00000-00","MLJ 2025 2 435.pdf"
,"6FG7-DRP3-MB4N-B1SN-00000-00","MLJ 2025 2 454.pdf"
,"6FG3-FH83-MB4J-R4C3-00000-00","MLJ 2025 2 474.pdf"
,"6FG7-HT23-MK1Y-X3VD-00000-00","MLJ 2025 2 496.pdf"
,"6FG7-N4V3-MB4P-633F-00000-00","MLJ 2025 2 513.pdf"
,"6FG3-FNS3-MB4J-R4CB-00000-00","MLJ 2025 2 536.pdf"
,"6FG3-FV43-MB4J-R4CJ-00000-00","MLJ 2025 2 577.pdf"
,"6FG7-DTP3-MB4N-B1SR-00000-00","MLJ 2025 2 595.pdf"
,"6FG3-G0G3-MB4J-R4CR-00000-00","MLJ 2025 2 618.pdf"
,"6FG7-YYN3-MDRX-Y4XP-00000-00","MLJ 2025 2 634.pdf"
,"6FG3-G513-MB4J-R4CY-00000-00","MLJ 2025 2 689.pdf"
,"6FG8-1F23-MCTT-G510-00000-00","MLJ 2025 2 701.pdf"
,"6FG3-G9D3-MB9T-10PT-00000-00","MLJ 2025 2 744.pdf"
,"6FG8-4R03-MD11-S0S9-00000-00","MLJ 2025 2 791.pdf"
,"6FG3-GFT3-MB9T-10PY-00000-00","MLJ 2025 2 822.pdf"
,"6FG8-5WW3-MB4T-03VS-00000-00","MLJ 2025 2 845.pdf"
,"6FG3-GMB3-MB9T-11C1-00000-00","MLJ 2025 2 878.pdf"
,"6FG8-68P3-MB4T-03X9-00000-00","MLJ 2025 2 907.pdf"
,"6FG3-GSX3-MB9T-11C5-00000-00","MLJ 2025 2 929.pdf"
mlj_2025_3,"6FPG-KJ13-MB0B-951R-00000-00","MLJ 2025 3 1.pdf","Malayan Law Journal, 2025, Volume 3",[2025],texts,malayan-law-journal
,"6FPG-KNJ3-MB0B-9522-00000-00","MLJ 2025 3 22.pdf"
,"6FPG-KT03-MB0B-9526-00000-00","MLJ 2025 3 95.pdf"
,"6FST-KHC3-MB1R-H4B0-00000-00","MLJ 2025 3 111.pdf"
,"6FST-K3V3-MB1R-H49T-00000-00","MLJ 2025 3 123.pdf"
,"6FX7-1Y93-MB3G-N4RN-00000-00","MLJ 2025 3 141.pdf"
,"6FVG-76K3-MB29-11M5-00000-00","MLJ 2025 3 161.pdf"
,"6FVG-4S23-MB29-11K2-00000-00","MLJ 2025 3 174.pdf"
,"6FVG-M7C3-MB29-21C0-00000-00","MLJ 2025 3 197.pdf"
,"6FVG-4X83-MB29-11K4-00000-00","MLJ 2025 3 214.pdf"
,"6FVG-9FS3-MB29-11P3-00000-00","MLJ 2025 3 240.pdf"
,"6FYN-GC33-MMRC-S4R2-00000-00","MLJ 2025 3 296.pdf"
,"6FYN-HC33-MN92-M1XF-00000-00","MLJ 2025 3 320.pdf"
,"6FYN-GGG3-MN92-M1TG-00000-00","MLJ 2025 3 339.pdf"
,"6FYP-3MR3-MB52-P212-00000-00","MLJ 2025 3 372.pdf"
,"6FYN-GMR3-MN92-M1TP-00000-00","MLJ 2025 3 401.pdf"
,"6G0S-8WT3-MBXF-D0VY-00000-00","MLJ 2025 3 430.pdf"
,"6FYX-5G23-MB58-K0XM-00000-00","MLJ 2025 3 464.pdf"
,"6FYX-40M3-MB58-73VF-00000-00","MLJ 2025 3 515.pdf"
,"6G15-FG83-MNGX-944F-00000-00","MLJ 2025 3 532.pdf"
,"6FYX-68J3-MB58-M350-00000-00","MLJ 2025 3 573.pdf"
,"6FYX-4543-MB58-62PM-00000-00","MLJ 2025 3 614.pdf"
,"6FYX-6TH3-MB58-M3H1-00000-00","MLJ 2025 3 659.pdf"
,"6FYX-49P3-MB58-7454-00000-00","MLJ 2025 3 698.pdf"
,"6G15-GCF3-MNGX-9454-00000-00","MLJ 2025 3 732.pdf"
,"6FYX-4F73-MB58-74B3-00000-00","MLJ 2025 3 764.pdf"
,"6FYX-7973-MB58-M3RN-00000-00","MLJ 2025 3 823.pdf"
,"6FYX-4JV3-MB58-62W8-00000-00","MLJ 2025 3 842.pdf"
,"6FYX-8C23-MB58-M4FS-00000-00","MLJ 2025 3 883.pdf"
,"6FYX-32D3-MB58-73DY-00000-00","MLJ 2025 3 920.pdf"
,"6FYX-8XX3-MBHR-50SC-00000-00","MLJ 2025 3 941.pdf"
,"6G0S-BH93-MB0B-B38R-00000-00","MLJ 2025 3 960.pdf"
mlj_2025_4,"6G34-CGX3-MBDF-V386-00000-00","MLJ 2025 4 1.pdf","Malayan Law Journal, 2025, Volume 4",[2025],texts,malayan-law-journal
,"6G33-VJX3-MBKM-G2B4-00000-00","MLJ 2025 4 17.pdf"
,"6G34-CKS3-MBDF-V399-00000-00","MLJ 2025 4 51.pdf"
,"6G3Y-T8M3-MB29-34NV-00000-00","MLJ 2025 4 83.pdf"
,"6G34-1DX3-MB77-C0TJ-00000-00","MLJ 2025 4 107.pdf"
,"6G63-H1Y3-MB3J-K1PX-00000-00","MLJ 2025 4 140.pdf"
,"6G63-N103-MB8S-T4PB-00000-00","MLJ 2025 4 165.pdf"
,"6G6P-P5C3-MB3R-J0M0-00000-00","MLJ 2025 4 181.pdf"
,"6G63-NBW3-MBG1-304D-00000-00","MLJ 2025 4 214.pdf"
,"6G63-GGY3-MB3J-H24N-00000-00","MLJ 2025 4 226.pdf"
,"6G7K-9823-MB4C-K38C-00000-00","MLJ 2025 4 274.pdf"
,"6G7K-8MB3-MB4C-K16H-00000-00","MLJ 2025 4 286.pdf"
,"6GD2-BMV3-MB19-N12B-00000-00","MLJ 2025 4 303.pdf"
,"6G94-KSC3-MBHN-B1B3-00000-00","MLJ 2025 4 319.pdf"
,"6G9X-DNH3-MB09-52BC-00000-00","MLJ 2025 4 339.pdf"
,"6G94-KXG3-MBPW-M000-00000-00","MLJ 2025 4 420.pdf"
,"6G9Y-SMC3-MB5J-14M8-00000-00","MLJ 2025 4 440.pdf"
,"6GC6-B5C3-MB0T-017T-00000-00","MLJ 2025 4 502.pdf"
,"6GC1-Y853-MB0S-F1P4-00000-00","MLJ 2025 4 519.pdf"
,"6GC6-B763-MB0T-0180-00000-00","MLJ 2025 4 583.pdf"
,"6GBJ-JK03-MB0M-X519-00000-00","MLJ 2025 4 625.pdf"
,"6GBJ-J1M3-MB0M-X50T-00000-00","MLJ 2025 4 676.pdf"
,"6GD2-8KX3-MB19-M34G-00000-00","MLJ 2025 4 725.pdf"
,"6GD2-8SY3-MB19-M34P-00000-00","MLJ 2025 4 754.pdf"
,"6GD2-90T3-MB19-M34W-00000-00","MLJ 2025 4 807.pdf"
,"6GD2-9973-MB19-M352-00000-00","MLJ 2025 4 834.pdf"
,"6GD2-9M23-MB19-N11D-00000-00","MLJ 2025 4 850.pdf"
,"6GCW-VNK3-MB6F-70TS-00000-00","MLJ 2025 4 865.pdf"
,"6GD2-9RR3-MB19-N11H-00000-00","MLJ 2025 4 878.pdf"
,"6GCW-W5Y3-MB6F-71GP-00000-00","MLJ 2025 4 893.pdf"
,"6GD2-B2N3-MB19-N11P-00000-00","MLJ 2025 4 919.pdf"
,"6GD2-B6F3-MB19-N11Y-00000-00","MLJ 2025 4 952.pdf"
mlj_2025_5,"6GFJ-SH83-MCHJ-V27P-00000-00","MLJ 2025 5 1.pdf","Malayan Law Journal, 2025, Volume 5",[2025],texts,malayan-law-journal
,"6GTS-RNG3-MB66-P51V-00000-00","MLJ 2025 5 18.pdf"
,"6GFJ-RT53-MCHJ-V1GT-00000-00","MLJ 2025 5 52.pdf"
,"6GG5-GJX3-MB1W-P0MW-00000-00","MLJ 2025 5 82.pdf"
,"6GFJ-RYB3-MCHJ-V1HK-00000-00","MLJ 2025 5 106.pdf"
,"6GFJ-SNY3-MCHJ-V2Y7-00000-00","MLJ 2025 5 135.pdf"
,"6GFJ-S3H3-MCHJ-V1JB-00000-00","MLJ 2025 5 162.pdf"
,"6GHN-S603-MBMB-800B-00000-00","MLJ 2025 5 197.pdf"
,"6GHP-4BR3-MB2N-H2BD-00000-00","MLJ 2025 5 216.pdf"
,"6GK5-KDS3-MBG1-D25D-00000-00","MLJ 2025 5 290.pdf"
,"6GK5-JM13-MBG1-D15S-00000-00","MLJ 2025 5 335.pdf"
,"6GK5-KRP3-MBG1-D2JR-00000-00","MLJ 2025 5 369.pdf"
,"6GK5-JS83-MBG1-D1CS-00000-00","MLJ 2025 5 390.pdf"
,"6GM1-C7D3-MB9F-D1FB-00000-00","MLJ 2025 5 444.pdf"
,"6GM1-DJD3-MB47-50NF-00000-00","MLJ 2025 5 467.pdf"
,"6GM1-CKB3-MB9F-D1VT-00000-00","MLJ 2025 5 505.pdf"
,"6GM1-DM23-MB9F-D42J-00000-00","MLJ 2025 5 524.pdf"
,"6GM1-CRF3-MB9F-D2N9-00000-00","MLJ 2025 5 549.pdf"
,"6GM1-DNR3-MB9F-D44G-00000-00","MLJ 2025 5 566.pdf"
,"6GM1-CWJ3-MB9F-D2SB-00000-00","MLJ 2025 5 625.pdf"
,"6GP0-KSM3-MBB5-N27M-00000-00","MLJ 2025 5 657.pdf"
,"6GP0-KF43-MBB5-N27H-00000-00","MLJ 2025 5 694.pdf"
,"6GP0-M3R3-MBB5-N27S-00000-00","MLJ 2025 5 712.pdf"
,"6GR1-2G03-MC39-34N9-00000-00","MLJ 2025 5 736.pdf"
,"6GR1-1C83-MC39-510H-00000-00","MLJ 2025 5 750.pdf"
,"6GSS-1DH3-MCNK-S000-00000-00","MLJ 2025 5 768.pdf"
,"6GSS-1233-MCGC-G000-00000-00","MLJ 2025 5 808.pdf"
,"6GSS-1KS3-MCVV-23TC-00000-00","MLJ 2025 5 830.pdf"
,"6GSS-1683-MCGC-G2CH-00000-00","MLJ 2025 5 845.pdf"
,"6GTS-V253-MBRW-J4PM-00000-00","MLJ 2025 5 874.pdf"
,"6GTS-WV53-MC4B-42D2-00000-00","MLJ 2025 5 891.pdf"
,"6GTS-Y263-MBRW-N3WP-00000-00","MLJ 2025 5 944.pdf"
mlj_2025_6,"6GYD-WSF3-MB2H-91RS-00000-00","MLJ 2025 6 1.pdf","Malayan Law Journal, 2025, Volume 6",[2025],texts,malayan-law-journal
,"6GYD-XK23-MB2H-91S6-00000-00","MLJ 2025 6 54.pdf"
,"6GYD-WXN3-MB2H-91RV-00000-00","MLJ 2025 6 96.pdf"
,"6GYD-XVF3-MB2H-91S9-00000-00","MLJ 2025 6 114.pdf"
,"6GYD-X2V3-MB2H-91RY-00000-00","MLJ 2025 6 136.pdf"
,"6GYK-TC43-MB2J-94NF-00000-00","MLJ 2025 6 158.pdf"
,"6H0H-7SG3-MBF9-S29X-00000-00","MLJ 2025 6 202.pdf"
,"6H0H-5TH3-MCCF-41MR-00000-00","MLJ 2025 6 217.pdf"
,"6H1J-3NF3-MBFN-318M-00000-00","MLJ 2025 6 245.pdf"
,"6H0H-8M03-MBTS-C1WM-00000-00","MLJ 2025 6 283.pdf"
,"6H0H-6DP3-MCJN-D2PM-00000-00","MLJ 2025 6 307.pdf"
,"6H27-BVR3-MC1K-51YG-00000-00","MLJ 2025 6 327.pdf"
,"6H2K-JXM3-MDHG-200Y-00000-00","MLJ 2025 6 407.pdf"
,"6H27-C143-MC1K-40G7-00000-00","MLJ 2025 6 420.pdf"
,"6H2K-C8G3-MBVF-F1R2-00000-00","MLJ 2025 6 442.pdf"
,"6H3F-YYK3-MFN4-F3XN-00000-00","MLJ 2025 6 471.pdf"
,"6H3F-XTN3-MF8N-W465-00000-00","MLJ 2025 6 523.pdf"
,"6H3G-01G3-MFN4-F510-00000-00","MLJ 2025 6 570.pdf"
,"6H50-0R93-MCDY-C3CN-00000-00","MLJ 2025 6 589.pdf"
,"6H50-04H3-MCTC-X30J-00000-00","MLJ 2025 6 600.pdf"
,"6H50-1093-MD5V-G0XH-00000-00","MLJ 2025 6 629.pdf"
,"6H50-08P3-MCTC-X3FC-00000-00","MLJ 2025 6 650.pdf"
,"6H50-1693-MD5V-G3SS-00000-00","MLJ 2025 6 693.pdf"
,"6H5K-1BY3-MB4J-93VG-00000-00","MLJ 2025 6 736.pdf"
,"6H8V-BWB3-MGVS-K3Y9-00000-00","MLJ 2025 6 751.pdf"
,"6H8V-CS23-MB65-K1XJ-00000-00","MLJ 2025 6 830.pdf"
,"6H8V-C0R3-MB65-J0S7-00000-00","MLJ 2025 6 867.pdf"
,"6H8V-CTW3-MB65-K353-00000-00","MLJ 2025 6 886.pdf"
,"6H8V-C513-MD2D-C314-00000-00","MLJ 2025 6 901.pdf"
,"6H8V-CWR3-MBCC-V3DP-00000-00","MLJ 2025 6 933.pdf"
,"6H8V-C993-MD2D-C4MP-00000-00","MLJ 2025 6 951.pdf"













































mlj_2025_8,"6F7P-24V3-MB91-G0B5-00000-00","MLJ 2025 8 87.pdf","Malayan Law Journal, 2025, Volume 8",[2025],texts,malayan-law-journal
,"6F7P-1K53-MB91-G09W-00000-00","MLJ 2025 8 105.pdf"
,"6F96-2T43-MBPR-H231-00000-00","MLJ 2025 8 171.pdf"
,"6F96-1GM3-MB52-N270-00000-00","MLJ 2025 8 181.pdf"
,"6F96-2W73-MBPR-H23M-00000-00","MLJ 2025 8 211.pdf"
,"6FG8-7723-MBB1-92N3-00000-00","MLJ 2025 8 266.pdf"
,"6FG3-JWM3-MB9T-11N2-00000-00","MLJ 2025 8 288.pdf"
,"6FG8-7RC3-MBB1-92NB-00000-00","MLJ 2025 8 300.pdf"
,"6FG3-K243-MB9T-11N6-00000-00","MLJ 2025 8 313.pdf"
,"6FG8-81C3-MBB1-92NJ-00000-00","MLJ 2025 8 345.pdf"
,"6FG3-K6P3-MB9T-11N9-00000-00","MLJ 2025 8 357.pdf"
,"6FG8-8B33-MBB1-92NS-00000-00","MLJ 2025 8 401.pdf"
,"6FG3-KC43-MB9T-11ND-00000-00","MLJ 2025 8 436.pdf"
,"6FG8-8JW3-MBB1-92NY-00000-00","MLJ 2025 8 479.pdf"
,"6FG3-KHJ3-MB9T-11NH-00000-00","MLJ 2025 8 503.pdf"
,"6FG8-8TD3-MBB1-92P2-00000-00","MLJ 2025 8 525.pdf"
,"6FG3-KNY3-MB9T-11NP-00000-00","MLJ 2025 8 557.pdf"
,"6FG3-KVC3-MB9T-11PF-00000-00","MLJ 2025 8 591.pdf"
,"6FG8-B7M3-MB4T-3211-00000-00","MLJ 2025 8 678.pdf"
,"6FG3-M0T3-MB9T-11W8-00000-00","MLJ 2025 8 691.pdf"
,"6FG8-BH53-MB4T-32N8-00000-00","MLJ 2025 8 712.pdf"
,"6FG3-M5C3-MB9T-11WK-00000-00","MLJ 2025 8 739.pdf"
,"6FG8-BRT3-MB4T-32NC-00000-00","MLJ 2025 8 767.pdf"
,"6FG3-M9T3-MB9T-11WN-00000-00","MLJ 2025 8 785.pdf"
,"6FG8-C683-MB4T-32NM-00000-00","MLJ 2025 8 804.pdf"
,"6FYX-C973-MB58-P278-00000-00","MLJ 2025 8 827.pdf"
,"6FYX-FPY3-MBBH-20Y3-00000-00","MLJ 2025 8 841.pdf"
,"6FYX-DWB3-MBBH-20G0-00000-00","MLJ 2025 8 857.pdf"
,"6FGG-JW63-MBHC-04T6-00000-00","MLJ 2025 8 875.pdf"
,"6FG3-MRS3-MB9T-11XH-00000-00","MLJ 2025 8 896.pdf"
,"6FG8-HC23-MB4T-548H-00000-00","MLJ 2025 8 903.pdf"
,"6FG3-MX73-MB4J-S2BD-00000-00","MLJ 2025 8 919.pdf"
mlj_2025_9,"6FS5-JDM3-MB1F-S1GY-00000-00","MLJ 2025 9 1.pdf","Malayan Law Journal, 2025, Volume 9",[2025],texts,malayan-law-journal
,"6FPG-KXF3-MB0B-9529-00000-00","MLJ 2025 9 14.pdf"
,"6FPG-M2P3-MB0B-952D-00000-00","MLJ 2025 9 22.pdf"
,"6FS6-FY83-MBK5-51RF-00000-00","MLJ 2025 9 44.pdf"
,"6FS5-JYK3-MB1F-Y4PF-00000-00","MLJ 2025 9 69.pdf"
,"6FS6-GGR3-MBK5-51RV-00000-00","MLJ 2025 9 92.pdf"
,"6FS5-K3V3-MB1F-Y4PJ-00000-00","MLJ 2025 9 119.pdf"
,"6FWR-XP43-MB33-610B-00000-00","MLJ 2025 9 133.pdf"
,"6FWR-WTW3-MB33-6100-00000-00","MLJ 2025 9 193.pdf"
,"6FYN-GPT3-MN92-M1TV-00000-00","MLJ 2025 9 220.pdf"
,"6FYN-FK83-MB52-M2KS-00000-00","MLJ 2025 9 236.pdf"
,"6FYN-K4C3-MB52-N187-00000-00","MLJ 2025 9 268.pdf"
,"6FYN-FRN3-MB52-M2KW-00000-00","MLJ 2025 9 288.pdf"
,"6FYP-3PK3-MB52-P214-00000-00","MLJ 2025 9 316.pdf"
,"6G0R-N9F3-MB09-V3YD-00000-00","MLJ 2025 9 331.pdf"
,"6G0S-73V3-MB5J-81X9-00000-00","MLJ 2025 9 361.pdf"
,"6FYX-3BH3-MB58-61TX-00000-00","MLJ 2025 9 379.pdf"
,"6G15-W663-MB0F-T414-00000-00","MLJ 2025 9 397.pdf"
,"6G0R-NTW3-MB09-V3YM-00000-00","MLJ 2025 9 436.pdf"
,"6FYX-3GP3-MB58-620C-00000-00","MLJ 2025 9 466.pdf"
,"6G0R-PM93-MB09-W2X4-00000-00","MLJ 2025 9 487.pdf"
,"6FYX-3MW3-MB58-628J-00000-00","MLJ 2025 9 509.pdf"
,"6G0R-R6G3-MB09-W2X9-00000-00","MLJ 2025 9 521.pdf"
,"6G15-GXF3-MNGX-945H-00000-00","MLJ 2025 9 546.pdf"
,"6G0R-SBM3-MB09-W2YX-00000-00","MLJ 2025 9 564.pdf"
,"6FYW-XB53-MDK5-H2PY-00000-00","MLJ 2025 9 582.pdf"
,"6G15-HBV3-MNGX-945Y-00000-00","MLJ 2025 9 611.pdf"
,"6FYW-XGF3-MB58-310V-00000-00","MLJ 2025 9 631.pdf"
,"6G0S-0M23-MB09-X2XV-00000-00","MLJ 2025 9 652.pdf"
,"6FYW-XMP3-MB58-315X-00000-00","MLJ 2025 9 677.pdf"
,"6G0S-14M3-MB09-X315-00000-00","MLJ 2025 9 690.pdf"
,"6FYW-XSX3-MDK5-H2VG-00000-00","MLJ 2025 9 715.pdf"
,"6G15-HVR3-MNGX-9465-00000-00","MLJ 2025 9 733.pdf"
,"6G15-J4J3-MNGX-9469-00000-00","MLJ 2025 9 746.pdf"
,"6G0S-3SN3-MB09-X424-00000-00","MLJ 2025 9 764.pdf"
,"6FYW-VPF3-MDCY-7566-00000-00","MLJ 2025 9 786.pdf"
,"6G0S-45C3-MB09-X4P5-00000-00","MLJ 2025 9 810.pdf"
,"6FYW-VVM3-MDK5-H05D-00000-00","MLJ 2025 9 844.pdf"
,"6G0S-78D3-MB5J-81Y5-00000-00","MLJ 2025 9 855.pdf"
,"6G0S-5C83-MB0B-02DS-00000-00","MLJ 2025 9 869.pdf"
,"6FYW-W0W3-MCN2-23GH-00000-00","MLJ 2025 9 886.pdf"
,"6G0S-6JH3-MB5J-81R2-00000-00","MLJ 2025 9 902.pdf"
,"6G15-MJ23-MRXV-1057-00000-00","MLJ 2025 9 946.pdf"
,"6FYW-W553-MCN2-23NR-00000-00","MLJ 2025 9 969.pdf"
mlj_2025_10,"6G34-G6Y3-MB77-K3NB-00000-00","MLJ 2025 10 1.pdf","Malayan Law Journal, 2025, Volume 10",[2025],texts,malayan-law-journal
,"6G40-8SK3-MB29-M184-00000-00","MLJ 2025 10 25.pdf"
,"6G34-B7K3-MBDF-V2NF-00000-00","MLJ 2025 10 63.pdf"
,"6G33-W563-MBKM-G2N6-00000-00","MLJ 2025 10 95.pdf"
,"6G63-P193-MBG1-30T5-00000-00","MLJ 2025 10 107.pdf"
,"6G7K-8VT3-MB4C-K21N-00000-00","MLJ 2025 10 136.pdf"
,"6G7K-8G33-MB4C-K16B-00000-00","MLJ 2025 10 151.pdf"
,"6G94-KBS3-MBHN-B19T-00000-00","MLJ 2025 10 171.pdf"
,"6G94-MKF3-MBPW-M01K-00000-00","MLJ 2025 10 187.pdf"
,"6G94-KG53-MBHN-B19X-00000-00","MLJ 2025 10 201.pdf"
,"6G94-MM33-MBPW-M01P-00000-00","MLJ 2025 10 230.pdf"
,"6G94-KM83-MBHN-B1B1-00000-00","MLJ 2025 10 238.pdf"
,"6GD2-77S3-MB19-M339-00000-00","MLJ 2025 10 272.pdf"
,"6GD2-79K3-MB19-M33C-00000-00","MLJ 2025 10 283.pdf"
,"6GD2-7CG3-MB19-M33F-00000-00","MLJ 2025 10 310.pdf"
,"6GD2-7FG3-MB19-M33K-00000-00","MLJ 2025 10 332.pdf"
,"6GD2-7H93-MB19-M33R-00000-00","MLJ 2025 10 348.pdf"
,"6GD2-7K83-MB19-M33W-00000-00","MLJ 2025 10 367.pdf"
,"6GD2-7N23-MB19-M33Y-00000-00","MLJ 2025 10 380.pdf"
,"6GD2-7PV3-MB19-M341-00000-00","MLJ 2025 10 396.pdf"
,"6GD2-7SJ3-MB19-M344-00000-00","MLJ 2025 10 410.pdf"
,"6GD2-6G63-MB19-M32D-00000-00","MLJ 2025 10 430.pdf"
,"6GD2-6J23-MB19-M32G-00000-00","MLJ 2025 10 454.pdf"
,"6GD2-6KY3-MB19-M32J-00000-00","MLJ 2025 10 477.pdf"
,"6GD2-6NS3-MB19-M32N-00000-00","MLJ 2025 10 529.pdf"
,"6GD2-6RJ3-MB19-M32T-00000-00","MLJ 2025 10 546.pdf"
,"6GD2-6TC3-MB19-M32W-00000-00","MLJ 2025 10 567.pdf"
,"6GD2-6W63-MB19-M32Y-00000-00","MLJ 2025 10 605.pdf"
,"6GD2-6Y13-MB19-M331-00000-00","MLJ 2025 10 660.pdf"
,"6GD2-70W3-MB19-M333-00000-00","MLJ 2025 10 689.pdf"
,"6GD2-72P3-MB19-M335-00000-00","MLJ 2025 10 706.pdf"
,"6GD2-5953-MB19-M303-00000-00","MLJ 2025 10 722.pdf"
,"6GD2-5BY3-MB19-M305-00000-00","MLJ 2025 10 745.pdf"
,"6GD2-5DS3-MB19-M307-00000-00","MLJ 2025 10 756.pdf"
,"6GD2-5GK3-MB19-M30C-00000-00","MLJ 2025 10 781.pdf"
,"6GD2-5JD3-MB19-M30G-00000-00","MLJ 2025 10 794.pdf"
,"6GD2-5M73-MB19-M30K-00000-00","MLJ 2025 10 813.pdf"
,"6GD2-5P23-MB19-M30N-00000-00","MLJ 2025 10 840.pdf"
,"6GD2-5RW3-MB19-M30S-00000-00","MLJ 2025 10 863.pdf"
,"6GD2-3GM3-MB19-M2YC-00000-00","MLJ 2025 10 881.pdf"
,"6GD2-5TP3-MB19-M30V-00000-00","MLJ 2025 10 890.pdf"
,"6GD2-3MT3-MB19-M2YH-00000-00","MLJ 2025 10 918.pdf"
,"6GD2-5XV3-MB19-M318-00000-00","MLJ 2025 10 946.pdf"
mlj_2025_11,"6GFJ-R6H3-MCHJ-V1F1-00000-00","MLJ 2025 11 1.pdf","Malayan Law Journal, 2025, Volume 11",[2025],texts,malayan-law-journal
,"6GFJ-R363-MCHJ-V1DV-00000-00","MLJ 2025 11 26.pdf"
,"6GG5-GS63-MB1W-P0N0-00000-00","MLJ 2025 11 43.pdf"
,"6GH2-H6G3-MB2K-D2XB-00000-00","MLJ 2025 11 64.pdf"
,"6GH2-H883-MB2K-D2XF-00000-00","MLJ 2025 11 84.pdf"
,"6GH2-GCW3-MB2K-D2WS-00000-00","MLJ 2025 11 100.pdf"
,"6GH2-GH03-MB2K-D2WY-00000-00","MLJ 2025 11 122.pdf"
,"6GH2-HB33-MB2K-D2XH-00000-00","MLJ 2025 11 147.pdf"
,"6GK5-M2T3-MB3J-W2W5-00000-00","MLJ 2025 11 169.pdf"
,"6GK5-J9F3-MBG1-D0P0-00000-00","MLJ 2025 11 188.pdf"
,"6GK5-MN13-MB3J-W3KJ-00000-00","MLJ 2025 11 208.pdf"
,"6GK5-JFM3-MBG1-D0XN-00000-00","MLJ 2025 11 232.pdf"
,"6GM1-FF73-MB9F-D4M1-00000-00","MLJ 2025 11 262.pdf"
,"6GPJ-P8R3-MCFM-D3W1-00000-00","MLJ 2025 11 275.pdf"
,"6GP0-7303-MBWV-F38K-00000-00","MLJ 2025 11 318.pdf"
,"6GR0-WTC3-MFWN-4182-00000-00","MLJ 2025 11 343.pdf"
,"6GR0-WFX3-MD1D-813D-00000-00","MLJ 2025 11 350.pdf"
,"6GR1-2NG3-MC8H-C008-00000-00","MLJ 2025 11 367.pdf"
,"6GR0-WM23-MDYH-P0VB-00000-00","MLJ 2025 11 383.pdf"
,"6GSP-BDK3-MJPM-R1TH-00000-00","MLJ 2025 11 392.pdf"
,"6GSP-9KW3-MD21-H562-00000-00","MLJ 2025 11 419.pdf"
,"6GSP-BGC3-MT7G-N000-00000-00","MLJ 2025 11 432.pdf"
,"6GSP-9S13-MD77-T398-00000-00","MLJ 2025 11 437.pdf"
,"6GSP-BJ43-MT7G-N2WK-00000-00","MLJ 2025 11 459.pdf"
,"6GSP-9X73-MGN5-K37W-00000-00","MLJ 2025 11 482.pdf"
,"6GV1-GXY3-MBS0-8295-00000-00","MLJ 2025 11 509.pdf"
,"6GV1-HBM3-MBS0-918J-00000-00","MLJ 2025 11 530.pdf"
,"6GV1-G9Y3-MBJS-0000-00000-00","MLJ 2025 11 553.pdf"
,"6GV1-FCJ3-MB13-44W6-00000-00","MLJ 2025 11 578.pdf"
,"6GVM-GM53-MC4P-84C8-00000-00","MLJ 2025 11 596.pdf"
,"6GV1-FHN3-MB69-D3YM-00000-00","MLJ 2025 11 610.pdf"
,"6GV1-GMJ3-MBJS-1000-00000-00","MLJ 2025 11 636.pdf"
,"6GV1-FNS3-MB13-52FW-00000-00","MLJ 2025 11 653.pdf"
,"6GV1-HM73-MBY6-K3G1-00000-00","MLJ 2025 11 671.pdf"
,"6GV1-FTV3-MB69-F3B5-00000-00","MLJ 2025 11 695.pdf"
,"6GV1-J4G3-MCGW-F3MY-00000-00","MLJ 2025 11 726.pdf"
,"6GV1-DNG3-MBY6-H000-00000-00","MLJ 2025 11 745.pdf"
,"6GVM-MR73-MB1B-N3FD-00000-00","MLJ 2025 11 760.pdf"
,"6GVM-KWD3-MBS7-S00X-00000-00","MLJ 2025 11 783.pdf"
,"6GVM-MSY3-MB1B-N3NB-00000-00","MLJ 2025 11 807.pdf"
,"6GVM-MVJ3-MBS7-S41W-00000-00","MLJ 2025 11 832.pdf"
,"6GVM-MY83-MBYG-2008-00000-00","MLJ 2025 11 861.pdf"
,"6GVM-M3V3-MBS7-S0WY-00000-00","MLJ 2025 11 886.pdf"
,"6GVM-NKP3-MC4P-B143-00000-00","MLJ 2025 11 896.pdf"
,"6GVM-PG73-MC4P-B2HR-00000-00","MLJ 2025 11 917.pdf"
,"6GVM-P383-MB6J-Y4X7-00000-00","MLJ 2025 11 933.pdf"
,"6GVM-M8G3-MB1B-N1G6-00000-00","MLJ 2025 11 958.pdf"
mlj_2025_12,"6GYD-XBM3-MB2H-91S2-00000-00","MLJ 2025 12 1.pdf","Malayan Law Journal, 2025, Volume 12",[2025],texts,malayan-law-journal
,"6H19-KW73-MXWB-23R5-00000-00","MLJ 2025 12 21.pdf"
,"6H27-C8C3-MC6T-D3GC-00000-00","MLJ 2025 12 51.pdf"
,"6H3F-XJ23-MCKN-D0NJ-00000-00","MLJ 2025 12 74.pdf"
,"6H3F-YWR3-MCKN-D4FK-00000-00","MLJ 2025 12 84.pdf"
,"6H3F-XNC3-MCKN-D0VM-00000-00","MLJ 2025 12 111.pdf"
,"6H50-20J3-MB4C-D0YF-00000-00","MLJ 2025 12 140.pdf"
,"6H50-3NB3-MB9K-P32R-00000-00","MLJ 2025 12 190.pdf"
,"6H6R-5YG3-MBBP-C4MG-00000-00","MLJ 2025 12 233.pdf"
,"6H6R-4VR3-MB07-T4SG-00000-00","MLJ 2025 12 250.pdf"
,"6H6R-5S03-MBBP-C1VF-00000-00","MLJ 2025 12 298.pdf"
,"6H6R-5013-MB07-T4VV-00000-00","MLJ 2025 12 319.pdf"
,"6H6R-66K3-MB5G-41S9-00000-00","MLJ 2025 12 337.pdf"
,"6H6R-5463-MB5G-309B-00000-00","MLJ 2025 12 345.pdf"
,"6H6R-68D3-MB5G-43GV-00000-00","MLJ 2025 12 360.pdf"
,"6H6R-58H3-MB5G-31J4-00000-00","MLJ 2025 12 378.pdf"
,"6H8V-M643-MBY3-0000-00000-00","MLJ 2025 12 398.pdf"
,"6H8V-FHF3-MJR1-M000-00000-00","MLJ 2025 12 424.pdf"
,"6H8V-M7Y3-MBY3-00C0-00000-00","MLJ 2025 12 441.pdf"
,"6H8V-FNK3-MJR1-M3M2-00000-00","MLJ 2025 12 460.pdf"
,"6H8V-M9R3-MBY3-00XF-00000-00","MLJ 2025 12 491.pdf"
,"6H8V-FTT3-MJX7-X0TH-00000-00","MLJ 2025 12 512.pdf"
,"6H8V-MCJ3-MJHT-G55G-00000-00","MLJ 2025 12 529.pdf"
,"6H8V-G043-MGNJ-M00T-00000-00","MLJ 2025 12 556.pdf"
,"6H8V-MH73-MBY3-026R-00000-00","MLJ 2025 12 576.pdf"
,"6H8V-G4C3-MGNJ-M1C1-00000-00","MLJ 2025 12 599.pdf"
,"6H8V-MFD3-MJR1-S04N-00000-00","MLJ 2025 12 641.pdf"
,"6H8V-G8K3-MK3G-609N-00000-00","MLJ 2025 12 676.pdf"
,"6H8V-MK13-MJR1-S0XW-00000-00","MLJ 2025 12 706.pdf"
,"6H8V-GDS3-MK3G-61XB-00000-00","MLJ 2025 12 717.pdf"
,"6H8V-HRT3-MHSX-B000-00000-00","MLJ 2025 12 755.pdf"
,"6H8V-GK03-MK3G-62PT-00000-00","MLJ 2025 12 777.pdf"
,"6H8V-HTM3-MHSX-B2HD-00000-00","MLJ 2025 12 807.pdf"
,"6H8V-GR73-MK3G-64HR-00000-00","MLJ 2025 12 842.pdf"
,"6H8V-HWH3-MM1K-M000-00000-00","MLJ 2025 12 864.pdf"
,"6H8V-GWF3-MGVS-X1J5-00000-00","MLJ 2025 12 894.pdf"
,"6H8V-HYD3-MJ04-M10H-00000-00","MLJ 2025 12 912.pdf"
,"6H8V-H1N3-MH21-6000-00000-00","MLJ 2025 12 937.pdf"
,"6H8V-J1G3-MJ5B-X05C-00000-00","MLJ 2025 12 963.pdf"
mlj_2026_1,"6HDG-9XR3-MDND-V3Y6-00000-00","MLJ 2026 1 1.pdf","Malayan Law Journal, 2026, Volume 1",[2026],texts,malayan-law-journal
,"6HDG-8XY3-MD90-83XY-00000-00","MLJ 2026 1 40.pdf"
,"6HDG-B0M3-MDVN-4280-00000-00","MLJ 2026 1 50.pdf"
,"6HDG-9343-MBKY-T000-00000-00","MLJ 2026 1 84.pdf"
,"6HDG-B2F3-MC5M-N16B-00000-00","MLJ 2026 1 98.pdf"
,"6HFX-XXC3-MB7X-R1PG-00000-00","MLJ 2026 1 117.pdf"
,"6HFX-XNN3-MB7X-P465-00000-00","MLJ 2026 1 172.pdf"
,"6HJ2-K0P3-MBFN-91NX-00000-00","MLJ 2026 1 228.pdf"
,"6HJ2-JM43-MBV3-V000-00000-00","MLJ 2026 1 257.pdf"
,"6HJ2-K2H3-MBFN-91S6-00000-00","MLJ 2026 1 316.pdf"
,"6HM6-BTT3-MFFT-C4V4-00000-00","MLJ 2026 1 334.pdf"
,"6HM6-C8N3-MDPX-82K4-00000-00","MLJ 2026 1 355.pdf"
,"6HN1-51P3-MBVV-T18C-00000-00","MLJ 2026 1 376.pdf"
,"6HN1-4V03-MBNM-H4KM-00000-00","MLJ 2026 1 411.pdf"
,"6HN1-8M63-MBGD-B2HJ-00000-00","MLJ 2026 1 431.pdf"
,"6HPC-9MN3-MB49-D4DD-00000-00","MLJ 2026 1 439.pdf"
,"6HPC-8RP3-MB49-D46Y-00000-00","MLJ 2026 1 468.pdf"
,"6HPC-9JS3-MB49-D4DB-00000-00","MLJ 2026 1 489.pdf"
,"6HPC-8WY3-MB49-D471-00000-00","MLJ 2026 1 527.pdf"
,"6HSD-FRG3-MBB4-K19P-00000-00","MLJ 2026 1 554.pdf"
,"6HSD-GRW3-MBHB-V0BN-00000-00","MLJ 2026 1 582.pdf"
,"6HSD-FVN3-MBB4-K1S6-00000-00","MLJ 2026 1 612.pdf"
,"6HTJ-WHN3-MDK6-8033-00000-00","MLJ 2026 1 636.pdf"
,"6HSX-R253-MBX0-R000-00000-00","MLJ 2026 1 647.pdf"
,"6HSX-S8T3-MC37-12XF-00000-00","MLJ 2026 1 699.pdf"
,"6HSX-T513-MCMW-W05N-00000-00","MLJ 2026 1 710.pdf"
,"6HSX-SD63-MC37-13TP-00000-00","MLJ 2026 1 793.pdf"
,"6HSX-R9G3-MBHJ-61YX-00000-00","MLJ 2026 1 807.pdf"
,"6HSX-SG23-MC37-14G3-00000-00","MLJ 2026 1 848.pdf"
,"6HSX-RFT3-MBHJ-649Y-00000-00","MLJ 2026 1 878.pdf"
,"6HSX-SHX3-MC8F-924D-00000-00","MLJ 2026 1 900.pdf"
,"6HSX-RM43-MBPS-G19P-00000-00","MLJ 2026 1 915.pdf"
,"6HSX-SKV3-MC8F-9379-00000-00","MLJ 2026 1 936.pdf"
mlj_2026_7,"6HDG-97B3-MDG6-J000-00000-00","MLJ 2026 7 1.pdf","Malayan Law Journal, 2026, Volume 7",[2026],texts,malayan-law-journal
,"6HDG-B4B3-MC5M-N2BB-00000-00","MLJ 2026 7 20.pdf"
,"6HDG-9CJ3-MBKY-T3C2-00000-00","MLJ 2026 7 39.pdf"
,"6HDG-B673-MF1W-D1N8-00000-00","MLJ 2026 7 49.pdf"
,"6HFY-2PB3-MC62-42N2-00000-00","MLJ 2026 7 67.pdf"
,"6HFY-0NJ3-MBTK-J000-00000-00","MLJ 2026 7 92.pdf"
,"6HFY-2DX3-MC62-401V-00000-00","MLJ 2026 7 103.pdf"
,"6HFY-11Y3-MBMC-94HW-00000-00","MLJ 2026 7 132.pdf"
,"6HH0-8YK3-MF7S-D3GB-00000-00","MLJ 2026 7 149.pdf"
,"6HFY-1G33-MC0T-V0C3-00000-00","MLJ 2026 7 170.pdf"
,"6HFY-1YG3-MBTK-K34D-00000-00","MLJ 2026 7 188.pdf"
,"6HJ2-CMG3-MCCS-J2JT-00000-00","MLJ 2026 7 209.pdf"
,"6HJ2-C9B3-MCCS-J04D-00000-00","MLJ 2026 7 234.pdf"
,"6HJ2-CP83-MCCS-J329-00000-00","MLJ 2026 7 262.pdf"
,"6HM6-CBF3-MG6P-H0V3-00000-00","MLJ 2026 7 288.pdf"
,"6HM6-C053-MFV7-Y1W4-00000-00","MLJ 2026 7 307.pdf"
,"6HN1-4FW3-MBNM-H0TV-00000-00","MLJ 2026 7 323.pdf"
,"6HPC-9PH3-MB49-D4DH-00000-00","MLJ 2026 7 375.pdf"
,"6HPC-92F3-MB49-D4B5-00000-00","MLJ 2026 7 386.pdf"
,"6HPC-95J3-MB49-D4CP-00000-00","MLJ 2026 7 451.pdf"
,"6HSD-GTP3-MBHB-V0TM-00000-00","MLJ 2026 7 475.pdf"
,"6HSD-G0W3-MBB4-K2X3-00000-00","MLJ 2026 7 494.pdf"
,"6HSD-V0R3-MBB4-P33D-00000-00","MLJ 2026 7 518.pdf"
,"6HTJ-TK93-MC3D-0002-00000-00","MLJ 2026 7 546.pdf"
,"6HTJ-T7G3-MBHR-405G-00000-00","MLJ 2026 7 554.pdf"
,"6HTJ-TN63-MCV9-30BV-00000-00","MLJ 2026 7 572.pdf"
,"6HTR-P9D3-MBBH-X4Y0-00000-00","MLJ 2026 7 591.pdf"
,"6HTR-PF83-MBHS-608N-00000-00","MLJ 2026 7 610.pdf"
,"6HTR-S713-MBBH-Y0VD-00000-00","MLJ 2026 7 659.pdf"
,"6HTR-PJN3-MBHS-60HY-00000-00","MLJ 2026 7 714.pdf"
,"6HTR-S8W3-MBBH-Y19K-00000-00","MLJ 2026 7 772.pdf"
,"6HTR-PPW3-MBHS-60S1-00000-00","MLJ 2026 7 795.pdf"
,"6HTR-SC43-MBBH-Y1SK-00000-00","MLJ 2026 7 818.pdf"
,"6HTR-PW63-MBHS-61CN-00000-00","MLJ 2026 7 848.pdf"
,"6HTR-SFJ3-MBBH-Y2KR-00000-00","MLJ 2026 7 871.pdf"
,"6HTR-R1F3-MBHS-61N2-00000-00","MLJ 2026 7 897.pdf"
,"6HTR-SHF3-MBBH-Y39N-00000-00","MLJ 2026 7 911.pdf"
,"6HTR-R5N3-MBHS-626S-00000-00","MLJ 2026 7 925.pdf"
,"6HTR-SKM3-MBBH-Y4CH-00000-00","MLJ 2026 7 947.pdf"
